window_id,fs_hz,f0_hz,WDI,E1_frac,E2_frac,E3_frac,E4_frac,E5_frac,E6_frac,E7_frac,E8_frac,E9_frac,E10_frac,E11_frac,E12_frac,record_dir,segment,abp_channel
1,125.0,1.375,0.2871642852988944,0.7128357147011053,0.21483782711408278,0.06327639864348508,0.0038156732234402475,0.0031465380679128224,0.0016332969602877374,0.0003388480574103791,4.859277254943992e-05,2.570580022836541e-05,2.143683538690061e-05,1.0509990382203528e-05,9.457833728442708e-06,35/3567514,3567514_0002,ABP
2,125.0,1.625,0.35939934122441763,0.6406006587755824,0.32837165215367387,0.02615796582474692,0.004171717414440273,0.00039666533670375216,5.91704816406306e-05,6.968958127311082e-05,4.910814960113861e-05,3.219686518743662e-05,3.572980607423337e-05,3.5435719357649954e-05,2.0009891718646976e-05,38/3820385,3820385_0002,ABP
3,125.0,1.125,0.3224982203094529,0.677501779690547,0.26511892553872135,0.05040795136238707,0.002497190513539837,0.003288188262949845,0.0010135129302658744,5.4173256317166396e-05,4.806121510280731e-05,4.117834093166451e-05,1.1517730996030134e-05,7.821749726581829e-06,9.699408514712594e-06,35/3532743,3532743_0023,ABP
4,125.0,1.0,0.31073921764994394,0.689260782350056,0.20713321826092207,0.07093920674918917,0.015236312672061703,0.007401699026141341,0.00640948608876709,0.0022879041202168524,0.0005169038251625562,0.0003632065913704475,0.00027087828390235,0.0001119227252210509,6.847930698929213e-05,33/3334946,3334946_0027,ABP
5,125.0,1.0,0.3934503302628618,0.6065496697371384,0.19996006981795206,0.1180507044958652,0.034104833660902195,0.021230686171456566,0.012790970506966622,0.004665512764388274,0.0014014201972110695,0.0005410299771085962,0.0003716948246016943,0.0002225873362547706,0.00011082051015467076,37/3755756,3755756_0004,ABP
6,125.0,1.375,0.18147578858446642,0.8185242114155336,0.16106155285034315,0.016421707053425796,0.0028419067169331144,0.0010905241202476363,3.954471542730431e-05,8.04438218058671e-06,4.452259809922607e-06,2.1725278285696357e-06,2.1473040399468224e-06,1.95543040553658e-06,1.7812238248932746e-06,32/3284864,3284864_0004,ABP
7,125.0,2.375,0.8980330989620152,0.10196690103798457,0.11739700348674684,0.2753448087097034,0.10405300859750839,0.19001258185473885,0.09740468424096688,0.056380907867462665,0.01624642995917938,0.015211219322219208,0.004452344848798565,0.01801820808420088,0.0035119019904901287,39/3966804,3966804_0009,ART
8,125.0,1.375,0.17692758749831264,0.8230724125016872,0.14352899783795167,0.013874181926436307,0.011630141696193304,0.00498990205350343,0.0008685419516985291,0.0008643749560401688,0.00037271718112928144,0.00031958772395632336,0.0002414146995890747,0.0001407652491147281,9.696222269985469e-05,37/3740526,3740526_0004,ABP
9,125.0,1.375,0.24149295897766054,0.7585070410223393,0.13293132213105838,0.05375288286871265,0.0245342353799476,0.010237803872165037,0.007126752196274413,0.005395795351879943,0.0034465029460422456,0.0016710524917295778,0.0011274241784033467,0.0007544749796660484,0.000514712581781321,34/3451251,3451251_0009,ABP
10,125.0,1.125,0.19837409313262322,0.801625906867377,0.16498327209904806,0.022834261782320432,0.0017183112179713822,0.0059014282226570475,0.0020834378110125714,0.0001710685366382604,0.00042706888825388777,0.00018878488160083392,2.2281419949808756e-05,2.8565220091798277e-05,1.5613053079152382e-05,30/3009603,3009603_0021,ABP
11,125.0,1.625,0.3309026560052756,0.6690973439947244,0.2751011956193141,0.025631079388426573,0.024431350827418607,0.004088613137455837,0.0006829147481850923,0.0004089237002341453,0.00019553000076507327,0.00011577549365978481,0.00012451939377339396,5.787667498357598e-05,6.48770210593731e-05,38/3859795,3859795_0003,ABP
12,125.0,1.875,0.20405077850334558,0.7959492214966544,0.1816873922422201,0.01877018332054401,0.0017702049241536053,0.0010244924019851462,0.00046461259960106735,0.00015978312875099187,9.028864166413156e-05,4.243723274934782e-05,1.937945028196987e-05,1.7110096007383027e-05,4.89446538783388e-06,32/3261169,3261169_0010,ABP
13,125.0,1.75,0.3097237874366698,0.6902762125633304,0.24870364918790866,0.04284188586057222,0.012354455074476078,0.004367082746627286,0.001087963733241436,0.0002616154263834447,7.416594502408518e-05,2.413311857931874e-05,6.498910786014123e-06,1.551192365684919e-06,7.862407055383783e-07,39/3988489,3988489_0025,ABP
14,125.0,1.625,0.1784293018964972,0.8215706981035027,0.14103290008196515,0.015714510476578538,0.009470691399263403,0.008564937932507953,0.0016839159546543064,0.0011710719799795447,0.0004488706860603447,9.576620198220145e-05,0.0001341384294128479,4.4915412318144884e-05,6.758334177477398e-05,32/3271289,3271289_0067,ABP
15,125.0,2.0,0.2172466500891266,0.7827533499108733,0.1929036810422725,0.018936218058746637,0.00426664962710338,0.0007232034082029275,0.0001707786369077326,8.531983631187808e-05,5.5491142282178526e-05,3.5033445972567654e-05,2.4754279214656886e-05,3.106637739200182e-05,1.4454234720188953e-05,33/3388082,3388082_0002,ABP
16,125.0,1.625,0.26831589173646464,0.7316841082635354,0.2178676298759359,0.03831618916279231,0.01014514488179122,0.001663389754603419,0.00025063729105314914,4.348480012117064e-05,7.412316271235367e-06,6.228844228975164e-06,5.83939679556968e-06,6.3900533428355476e-06,3.5453595288835935e-06,30/3052270,3052270_0002,ABP
17,125.0,2.125,0.233639464387823,0.7663605356121769,0.19944809503115404,0.023195601748452793,0.007416266661554183,0.0025163547800889268,0.0005736186828727486,0.00027142125539880935,0.00012493227205350179,5.09163873675549e-05,2.634539309499063e-05,1.0557746131095846e-05,5.354429654336919e-06,31/3137751,3137751_0011,ABP
18,125.0,1.25,0.2902393129194318,0.7097606870805684,0.2080392512428269,0.04862084090304019,0.015895506027841566,0.011689270661734849,0.0031091831119308987,0.001160271321733328,0.0008668442616123284,0.00043158314236193683,0.00017112665885580952,0.0001580375392437766,9.739804825022759e-05,36/3698137,3698137_0012,ABP
19,125.0,1.125,0.16949614069906724,0.8305038593009328,0.1387959284085799,0.01006203212713869,0.008517734580072413,0.003716488998773165,0.002464513389527725,0.0013585416111243057,0.0016495747927572934,0.0008620662275937395,0.000815528745225463,0.0006784953917949863,0.0005752364264795526,34/3421300,3421300_0002,ABP
20,125.0,0.875,0.0917653410471361,0.9082346589528639,0.008025848627419854,0.06675241489010299,0.007594462204434742,0.005230909597023262,0.002222094761636893,0.0009728717949685184,8.867629949571935e-05,0.0004272349621529491,0.00029460211535643305,4.63516829160031e-05,0.00010987411162872677,36/3686374,3686374_0014,ABP
21,125.0,1.375,0.45469695728415194,0.5453030427158481,0.2515183535178915,0.1659407894620251,0.022391646452826958,0.010701436135560398,0.0033519798854991286,0.0005216717504187806,8.50948913524072e-05,0.00011232659803538493,5.275960186258035e-05,7.065205838656369e-06,1.3833782841144505e-05,33/3319401,3319401_0008,ABP
22,125.0,1.5,0.5110822452328447,0.48891775476715527,0.183450776352165,0.24890753701029347,0.051227348605228595,0.018569108633977604,0.0060954167005185566,0.0011405419477304737,0.0005532077654771681,0.00036540719455519465,0.0003136655276276153,0.00023503834763846762,0.00022419714763256962,35/3539412,3539412_0003,ABP
23,125.0,1.625,0.23340125294268904,0.7665987470573111,0.2047719068140709,0.01567286061695384,0.008130858453744255,0.004178396675034903,0.00032891924689607227,0.000244270355586722,6.003063717955607e-05,6.555492972615333e-06,5.360230316886466e-06,1.2905282466610238e-06,8.03891686602173e-07,37/3784689,3784689_0011,ABP
24,125.0,1.25,0.31157473462759055,0.6884252653724094,0.24099190047767372,0.06062760712633668,0.004228351022874428,0.0019709963796637774,0.000993814162721485,0.0007433233061211261,0.0006257153106631365,0.0003991465306151548,0.0003266703113905089,0.00034733756170348036,0.00031987243782710185,33/3398097,3398097_0001,ABP
25,125.0,1.5,0.30965012161469807,0.690349878385302,0.27320811005922024,0.024035483120853816,0.008467860972164403,0.0034810814402798577,0.0003720394537851638,6.062646950077199e-05,1.854089119227952e-05,3.1468291680138422e-06,1.1533694637314952e-06,1.3228999249220483e-06,7.561091448408491e-07,36/3655233,3655233_0069,ABP
26,125.0,1.5,0.17505660276571822,0.8249433972342816,0.15656974000088958,0.016172079478726897,0.0009611144260169395,0.0004074109052723266,0.0002284308965944907,0.00013147210416669945,0.0001763089259562206,0.0001855137991545493,0.00010568140375130158,7.497928241009329e-05,4.387154277914619e-05,39/3910282,3910282_0003,ABP
27,125.0,1.625,0.30378390255153676,0.6962160974484632,0.22642760587859992,0.05539142644025477,0.010760402940593099,0.0067932245917073815,0.0026826733529469716,0.0008438614531809227,0.00046578864049927647,0.00021780166125843968,0.0001192982985889378,5.6514879059417416e-05,2.5304414847641062e-05,34/3495256,3495256_0004,ABP
28,125.0,1.25,0.2329923852191743,0.7670076147808256,0.18964867634568122,0.024458216190268375,0.01090379741795432,0.006366694280396046,0.0010026825029436437,0.00031744411949992857,0.00015289625118462558,6.503113066457857e-05,3.4068961787117044e-05,2.0785962171829364e-05,2.2092056622615767e-05,37/3704310,3704310_0005,ABP
29,125.0,2.25,0.24988583769852393,0.7501141623014762,0.1912408444968191,0.02285964954883977,0.018689884358952365,0.005094173818676231,0.004869305056210902,0.0036097761702353686,0.0015130400863080826,0.0008235457763486237,0.0006662509256705659,0.0003402457360791311,0.00017912172438371975,37/3756395,3756395_0019,ABP
30,125.0,2.875,0.05116417113473056,0.9488358288652694,0.04849864006867363,0.0025394993111322412,0.00010872767369637136,9.292298655347376e-06,2.39334150380814e-06,3.7292925711236044e-06,8.52592907895194e-07,4.313140226440079e-07,2.3182613412806832e-07,2.1856572795434958e-07,1.5484970542057587e-07,37/3791473,3791473_0038,ABP
31,125.0,1.0,0.29780710575420893,0.7021928942457912,0.2042541268044383,0.04907273972533132,0.012918134175799567,0.011789205210729011,0.006069683309826235,0.0035221794655188082,0.0025182003061690558,0.001741619337408158,0.001815993918240609,0.00227617806096948,0.001829045439778406,30/3088603,3088603_0002,ABP
32,125.0,1.25,0.225883897575332,0.7741161024246679,0.18698006971104583,0.020788394739693822,0.004472771255745918,0.0027734505133532586,0.0016664701723482776,0.0022630963041071557,0.001738320422778236,0.0019278919842426702,0.0011669829639080543,0.0010993737833046682,0.0010070757248041302,39/3920665,3920665_0005,ABP
33,125.0,1.875,0.13157943415585133,0.8684205658441485,0.12090662453737047,0.007650621947121394,0.0024852095324003906,0.00047695614698433037,3.0436446179258997e-05,1.4759038175518721e-05,9.151318044233705e-06,3.3675224863690734e-06,1.4986723558714473e-06,5.958339207187072e-07,2.1316081275896205e-07,37/3726365,3726365_0048,ABP
34,125.0,1.125,0.19480225682234814,0.8051977431776519,0.12938895861296082,0.01748620675220367,0.0071238074693310265,0.00939033790900969,0.004639459846076849,0.008086788601340687,0.005936468195701926,0.006109658432484967,0.002961254643362696,0.00267555364785404,0.0010037627120217587,39/3919227,3919227_0003,ABP
35,125.0,1.625,0.2098586466697247,0.7901413533302751,0.16256140012534412,0.03604148481371075,0.009239118870969993,0.0012323256362652211,0.000490031484036093,8.391546990153396e-05,4.3269894314996585e-05,5.81797436209535e-05,2.013246343005795e-05,2.6321506592905592e-05,6.246666153805954e-05,39/3959650,3959650_0002,ABP
36,125.0,1.125,0.31443632076691264,0.6855636792330875,0.19241958329032546,0.09253308837166187,0.024882895431121772,0.0028213089386079195,0.0006092966833854708,0.00042111676631394093,0.00021459100392234604,0.00015616414754872137,0.00015414997287448523,0.00012229440256769636,0.00010183175858293417,38/3816133,3816133_0030,ABP
37,125.0,1.125,0.2405656746393162,0.7594343253606839,0.17325853026485885,0.05284009519283456,0.01118576325545668,0.0018576337683312886,0.0006939571570500896,0.000284910563221836,8.578058036566738e-05,0.00012795660909994662,9.536661477123458e-05,9.459306097590536e-05,4.108757235012512e-05,35/3570073,3570073_0004,ABP
38,125.0,1.5,0.17850896996134252,0.8214910300386574,0.15508757412057478,0.014767411918908246,0.0033071093995768594,0.002351525500569822,0.0010240255455119106,0.000730271814555769,0.0004466004863723678,0.0003050497371067342,0.00024295853982845495,0.00016398782861920053,8.245506971834108e-05,35/3511821,3511821_0007,ABP
39,125.0,1.625,0.2890886478091672,0.710911352190833,0.2157922541368364,0.05749237442609159,0.011274314571635795,0.0022235327726010177,0.0014797439893075193,0.0004211078228548873,0.000132395562275321,9.388078371019416e-05,7.788216416921389e-05,3.7660357306941814e-05,6.350122237829697e-05,30/3005398,3005398_0015,ABP
40,125.0,1.75,0.24358136086024423,0.7564186391397558,0.22596825379063573,0.01624855186107981,0.0008390842838949213,0.00034797415547573106,5.5623636950750294e-05,3.0381037219984696e-05,2.8999839517037662e-05,1.9363172988029074e-05,2.3378066208028906e-05,1.1340328814208378e-05,8.410687460008162e-06,38/3801588,3801588_0004,ABP
41,125.0,2.0,0.22447258155414954,0.7755274184458504,0.19528916319961065,0.015624971466463088,0.010313472337564593,0.002476049690685049,0.00047896397731611335,0.00017402144257490823,6.144370628268967e-05,2.078886751816756e-05,1.7276996874462313e-05,9.257965592444953e-06,7.17190366734672e-06,31/3174183,3174183_0013,ABP
42,125.0,0.5,0.2711663624939487,0.7288336375060513,0.13032531027552083,0.07184498446342256,0.028041484758892996,0.015068984299839393,0.008029687552212087,0.005513517971377842,0.00422910768936738,0.0030174948108186,0.0025792473584897242,0.001376373662419044,0.00114016965158817,31/3184226,3184226_0016,ABP
43,125.0,1.75,0.2840903359094025,0.7159096640905973,0.23343433431754523,0.040065611590557534,0.00851270237251168,0.0012986517745944544,0.0004930374661018476,0.0001498148747274978,6.745757580518564e-05,4.4216550805056437e-05,2.059104791242409e-05,3.3421271153089103e-06,5.762117262887101e-07,33/3379332,3379332_0003,ABP
44,125.0,1.625,0.2617067292961824,0.7382932707038177,0.20782818136298442,0.032102975754354286,0.010298539286709754,0.00537352058677181,0.0020036596652137913,0.001642417520406791,0.001152717850443203,0.0005394209997761472,0.00045325752491876155,0.00022015625902433475,9.188248557904662e-05,38/3868099,3868099_0069,ABP
45,125.0,1.125,0.17746064356992766,0.8225393564300725,0.12357794696114757,0.019584128984596917,0.014480510236861734,0.013576716353850831,0.003014077453542818,0.0013172992274744855,0.0008633464472214702,0.0005314562931559806,0.00024618536317716944,0.00018454708473200203,8.442916416671294e-05,38/3801474,3801474_0005,ABP
46,125.0,1.5,0.4674010839303621,0.5325989160696378,0.41511298105056194,0.039035434072828806,0.010560683413168825,0.0019423090968540013,0.0002170256516816384,0.00015500597760900901,0.00011788532177963469,8.997291776586396e-05,7.118154071927075e-05,5.334945685439899e-05,4.525543053870634e-05,37/3725466,3725466_0011,ABP
47,125.0,0.875,0.2935606087628495,0.7064393912371506,0.21164906797278624,0.06480033836768613,0.013989973587845471,0.0016342085332280455,0.00042992241386283415,0.0005085713074282684,0.0003317395407464147,0.00010208015067631258,3.373903146998621e-05,4.213381559165331e-05,3.883404152807437e-05,37/3725615,3725615_0006,ABP
48,125.0,1.0,0.25121844127506027,0.7487815587249399,0.18957190923947637,0.046864834014242185,0.006736711601769769,0.0030843358326758056,0.0031217872796233674,0.0012227618645069016,0.00025775191767410627,0.00012437474974830815,0.00012153238138483882,7.89230593503768e-05,3.351933460826755e-05,30/3012675,3012675_0029,ABP
49,125.0,1.375,0.20762281811765004,0.79237718188235,0.14400133821490418,0.022379634521201303,0.014629120817368802,0.009581501625132004,0.006586477911950851,0.0042744901921582075,0.0023424216355813227,0.0012432354633671583,0.0007037208228027357,0.0013587965930866345,0.0005220803200968484,38/3879449,3879449_0002,ABP
50,125.0,1.375,0.22355435295033046,0.7764456470496696,0.18242719842855712,0.016977572647782376,0.01419417209987447,0.004587780282546586,0.0016235568044466683,0.0017862931949206593,0.0007419727857302063,0.0004530249301345079,0.00038041310934859476,0.0002346697280160791,0.00014769893897320497,30/3079757,3079757_0004,ABP
51,125.0,1.625,0.35543470325523074,0.6445652967447695,0.28875718225582614,0.047440269992900276,0.014881175143783093,0.0027392006804125117,0.0005821026750405347,0.00026087868653834975,0.00023491232641744157,0.0002130848035063571,0.00013137731771147653,0.0001298523846447772,6.466698844970557e-05,34/3430299,3430299_0011,ABP
52,125.0,2.875,0.03310914395038376,0.966890856049616,0.030533869084021982,0.00183380486433355,0.00025725289314693973,0.0001747014578796524,0.00011471174964215935,8.037064185203865e-05,4.882123844781975e-05,3.5952749711780115e-05,1.91423868887215e-05,6.514726087902296e-06,4.002158371217769e-06,32/3223561,3223561_0001,ABP
53,125.0,1.125,0.2670809852561289,0.7329190147438712,0.1733253062577503,0.06781368945729045,0.007324086096998767,0.00827466655252788,0.005912953798694557,0.001777193965931257,0.00086597998777236,0.0010328441165387437,0.0005020048196720501,0.00014272843284752332,0.0001095317701049035,39/3961487,3961487_0002,ABP
54,125.0,1.125,0.3437695481918436,0.6562304518081565,0.21291360056585454,0.09429213663223904,0.017037291928809966,0.011378788947972375,0.006205600865025911,0.0014509105364831074,0.00030285495547417566,0.00012884691394799926,4.556237966833527e-05,1.0948459453052982e-05,3.006006915040474e-06,35/3507673,3507673_0001,ABP
55,125.0,1.625,0.15297182690036312,0.8470281730996371,0.14249144555495258,0.002213921161374628,0.003741184116320501,0.0007203418282553404,0.0003788891049614865,0.0008420783292307088,0.00039429961871160265,0.0006000841223691807,0.0004975551820673575,0.0006815596895154578,0.0004104681926042592,34/3411990,3411990_0028,ABP
56,125.0,1.5,0.12984480233996357,0.8701551976600364,0.10859483848602555,0.005431576221280868,0.007729562694077803,0.004662918493587888,0.0013659072122792645,0.0008734107107402333,0.0004709733688562116,0.00029183717192293447,0.00020601656622935805,0.00013582324717145312,8.193816779200371e-05,35/3589332,3589332_0005,ABP
57,125.0,1.5,0.3554410590118052,0.6445589409881944,0.3018142206367939,0.03759798679882199,0.01121943706042667,0.0028847570109464546,0.0005316258167930047,0.00032516124096323827,0.00026876980956974905,0.0003167957832771497,0.00024625035021349725,0.00010941988841685838,0.0001266346155826704,35/3510386,3510386_0004,ABP
58,125.0,1.5,0.4084613774024533,0.5915386225975466,0.3199938949250739,0.05594064486475816,0.015885343897653385,0.011386775157606234,0.0028217233234457055,0.00107403400693398,0.0006908135883749698,0.00029073364044506,0.00018535686254160893,8.616569575349484e-05,0.00010589143986681141,36/3642797,3642797_0002,ABP
59,125.0,1.125,0.17289248969302046,0.8271075103069795,0.11907884111532924,0.013515909824894215,0.018744307889631256,0.01323839298687488,0.0019254243164299543,0.002648149905741388,0.001980681667734681,0.0006360599426572025,0.0004990852893443538,0.00039372192739327907,0.00023191482699000531,38/3888383,3888383_0003,ABP
60,125.0,1.375,0.3207497189128818,0.6792502810871183,0.28022522457422994,0.03399076849077803,0.005646879565201323,0.0007089732590674245,7.686410708585666e-05,3.553580391909275e-05,2.7317591444548633e-05,1.637639663782771e-05,1.1452387162552662e-05,6.44384041522999e-06,3.882896939923273e-06,32/3205120,3205120_0059,ABP
61,125.0,1.625,0.20610592749400689,0.7938940725059932,0.18575322424377871,0.014417293034559126,0.003177620830792005,0.001860004304357689,0.0003626091731505476,0.00016648584218016,0.00011821960106173133,0.00010688951728533836,5.3745153287532625e-05,4.701081672890886e-05,4.282497682512799e-05,38/3861846,3861846_0035,ABP
62,125.0,1.25,0.19360381770484347,0.8063961822951563,0.15323830171685185,0.02335499796781258,0.0038204059558083615,0.00403043527893187,0.0031425187939977894,0.0015018936269053508,0.0014476830406256413,0.0014943389791565518,0.0006469184058429279,0.0006240432804723877,0.0003022806584381981,37/3710158,3710158_0004,ABP
63,125.0,1.625,0.250332831338969,0.7496671686610308,0.2329651550838192,0.010836643158317772,0.004790409067099876,0.0012644759245941468,0.00023074689140977031,8.072811372016081e-05,5.209932035358498e-05,4.4211943932622185e-05,3.812127120052109e-05,1.935965598640222e-05,1.0880908534982648e-05,37/3786909,3786909_0009,ABP
64,125.0,1.25,0.2016263787369383,0.7983736212630616,0.16985888286329454,0.019969888958096177,0.006112032836745287,0.00476134425401977,0.000685021559031246,9.983796183098423e-05,0.00011483274865552798,1.8474082273620333e-05,2.1383331854502754e-06,2.835029750332334e-06,1.0901100553829613e-06,36/3697821,3697821_0022,ABP
65,125.0,1.5,0.19378002224021373,0.8062199777597859,0.17863257799615184,0.00990925580053254,0.003162132984897038,0.001601060513903031,0.00024947456316163795,0.00010604236715791899,5.165400137236163e-05,2.5910653301191313e-05,1.7238963696161943e-05,1.2955696223623065e-05,1.1718699816421996e-05,33/3389590,3389590_0001,ABP
66,125.0,1.375,0.262489910874291,0.737510089125709,0.19288201560309204,0.055491658070095685,0.010227768526142864,0.002107960040768405,0.000559367994308936,0.0002694679480243858,0.00022274000686614933,0.00023157709816470887,0.00017891724692768114,0.00012705207759455256,0.00019138626230557642,30/3036811,3036811_0003,ABP
67,125.0,1.875,0.31900192816728223,0.6809980718327178,0.2544868312574753,0.051484519486869385,0.006633722265074766,0.004326575525017876,0.0014188628034097436,0.00039216223613656515,0.00015120743300964124,6.55961457752049e-05,2.5322924985493205e-05,1.1104557280776576e-05,6.0235322475867285e-06,35/3534778,3534778_0014,ABP
68,125.0,1.5,0.4009373190242704,0.59906268097573,0.3238188562213867,0.05870853359193315,0.009000082442506548,0.007561446713080451,0.0015030141734400611,0.00012944170019543798,0.00010446966108592586,7.85728185566894e-05,1.411363287196479e-05,7.880778408231124e-06,1.0907290805132888e-05,37/3761825,3761825_0005,ABP
69,125.0,1.375,0.18979825343262294,0.810201746567377,0.14287009288730818,0.007698684239969332,0.02326859690778955,0.011094395172955122,0.0015024030088100038,0.0024775310413431366,0.0004600003252919022,0.00025214724818856934,0.00013617282997658615,1.4273267355506664e-05,2.395650363509661e-05,39/3965082,3965082_0007,ABP
70,125.0,1.5,0.2646224696324347,0.7353775303675653,0.20313418656076934,0.03873097485356497,0.009430731235605743,0.0037091377899088765,0.0027236264497604566,0.0028644547635436643,0.0020469275685122764,0.0008472610092293586,0.0004294252823500077,0.000473345098306732,0.00023239902088321746,38/3804391,3804391_0008,ABP
71,125.0,1.375,0.24436801332381233,0.7556319866761878,0.21221256803406618,0.01985675678869631,0.008521709707030388,0.0030849480879837467,0.00045291304661277066,0.00014788203939779398,6.58018518672894e-05,1.5737775350789078e-05,4.475628732387473e-06,3.5911589838722517e-06,1.6292050907784797e-06,36/3642298,3642298_0004,ABP
72,125.0,1.75,0.221042127545804,0.7789578724541958,0.19506167557037474,0.024399577622285073,0.0012714593187975888,9.63825992624769e-05,0.00016788528505027814,3.5893862738825425e-05,4.144338234850892e-06,2.618228226046469e-06,1.443203531982884e-06,6.210636278327295e-07,4.2645367432559914e-07,34/3403335,3403335_0012,ABP
73,125.0,1.5,0.350280827629074,0.6497191723709264,0.3063090841169383,0.03209636147057469,0.01011747490387617,0.001403120173932185,0.0001826623142832162,4.448407053029694e-05,6.022937548224389e-05,4.3100890104774396e-05,1.745265764205892e-05,4.358987959365403e-06,2.4986677506498327e-06,39/3932397,3932397_0004,ABP
74,125.0,1.25,0.3095689090985311,0.6904310909014691,0.2107121351501414,0.07516145361519484,0.010721931325710069,0.006324590123443295,0.003985475863784286,0.0015112116211333834,0.0004319761290804719,0.0002988739168889652,0.00024409028949277036,0.0001258368288793332,5.133423478227127e-05,35/3538017,3538017_0006,ABP
75,125.0,1.625,0.21279001903302103,0.787209980966979,0.2017910921970614,0.008525151271014081,0.002181599093841747,0.00026075445247958107,1.9356465374518248e-05,6.379189830580826e-06,2.555229780486785e-06,1.1423610205554214e-06,8.20833848067858e-07,6.095320738745289e-07,5.584066961366683e-07,39/3940947,3940947_0012,ABP
76,125.0,1.125,0.3448135763397849,0.6551864236602151,0.23377254708352402,0.08584503083473327,0.021277402488015393,0.0034533327727172287,0.0003272192792206954,4.3913104280788e-05,2.4251569547298916e-05,2.5171249682145913e-05,2.292908968059407e-05,1.4083076029125421e-05,7.695792354327802e-06,32/3269296,3269296_0017,ART
77,125.0,1.625,0.412430560989877,0.5875694390101229,0.3571845383721607,0.029858962589151106,0.02002457962274023,0.004180053824646752,0.0008416347202288961,0.00022606039322274794,6.119946145690147e-05,2.451714840734209e-05,1.4453247788776785e-05,8.86914407165516e-06,5.692466001960696e-06,31/3122805,3122805_0019,ABP
78,125.0,1.125,0.26417982587908434,0.7358201741209157,0.21125574664517308,0.04491682013237828,0.004472799026055747,0.0026968322241686282,0.0007223039515741965,7.572279771449623e-05,2.3007004223092357e-05,1.0360499189623483e-05,3.19107307039281e-06,1.5072729732359163e-06,1.5352525635250653e-06,37/3739296,3739296_0003,ABP
79,125.0,1.5,0.2497768988215903,0.7502231011784097,0.19178648695767278,0.03065137469316892,0.007827439100213747,0.004923987985637232,0.004478834216354744,0.0028586165524150395,0.001962782117699235,0.0018800744438966614,0.0015623493000742885,0.0009245336041698031,0.000920419850287808,30/3067247,3067247_0003,ABP
80,125.0,1.75,0.29304799581872065,0.7069520041812796,0.228055584272701,0.04488149278791749,0.011688904087555903,0.005299436590859979,0.0015225449620987054,0.0006124653077119352,0.0004608526598569894,0.00023122692916129745,0.0001289827825651732,0.00010085015601501219,6.565528227714105e-05,33/3367541,3367541_0002,ABP
81,125.0,1.625,0.2398991380452746,0.7601008619547255,0.20524359719853882,0.021180123712973547,0.0037793207753042657,0.006069971061357548,0.001706077072249138,0.0009371332218852949,0.0006367248037977503,0.00019631668490584,7.725359845976654e-05,5.1895276969133396e-05,2.072463883346248e-05,31/3190226,3190226_0006,ABP
82,125.0,1.25,0.31778858673324595,0.6822114132667543,0.18802213807732218,0.06924297054514593,0.021483848625068774,0.025399980166799688,0.009099440371647328,0.002319595296140891,0.0014859864377106693,0.0005445205163523125,0.00012928027331666778,4.344395091418253e-05,1.7382472827344176e-05,33/3364030,3364030_0026,ABP
83,125.0,0.875,0.2497253428335101,0.75027465716649,0.19360301058642873,0.04544575694683781,0.006427088309391298,0.0007366760309526219,0.0014730543224791175,0.0011242711947293442,0.0003440760085885053,0.00014843702788361023,0.00023157932668445397,0.0001502524849819176,4.114059455267337e-05,37/3779570,3779570_0002,ABP
84,125.0,1.625,0.3004985702826593,0.6995014297173408,0.2622298156969804,0.022365743547976234,0.011653774671632948,0.0035165988820320872,0.00043517562310168407,0.0001352254782590824,5.809174598508718e-05,3.3962827655045754e-05,2.7812007089582733e-05,2.8712219018355768e-05,1.3657582928825912e-05,34/3422463,3422463_0009,ABP
85,125.0,1.25,0.34768387179328264,0.6523161282067174,0.2465756825481408,0.08572623594152705,0.005658266411858326,0.004797521568438841,0.0035360303198292468,0.0008761468934838674,0.00030066324937104357,0.00015136753886170663,4.954437362806793e-05,9.5820721023109e-06,2.8308760413866113e-06,39/3986161,3986161_0001,ABP
86,125.0,0.875,0.29033672971340263,0.7096632702865976,0.20179003605400722,0.06497141838807806,0.016853841861746946,0.004100397716646195,0.0013207292355205125,0.000765422040909642,0.00035359527960851544,0.0001158756407666093,3.60995731726184e-05,1.7082249418122613e-05,1.2231673528172837e-05,30/3089628,3089628_0110,ART
87,125.0,2.25,0.2064837589016425,0.7935162410983576,0.15728684957120675,0.04198627693036671,0.004256050517415072,0.0013143097751755475,0.0008451993947845753,0.00026783439173288566,0.00021827726522882172,0.0001588673972924641,7.87633535240473e-05,4.415357252851947e-05,2.7176732387108125e-05,34/3467381,3467381_0003,ABP
88,125.0,1.375,0.3937162163519645,0.6062837836480355,0.29548471376937985,0.07069328110119998,0.016197512503451097,0.008638869430938735,0.0018333376746331518,0.0004951398615525661,0.00022059360979276898,8.466718659871278e-05,3.5344533058523814e-05,1.9427272876496652e-05,1.3329408482659147e-05,38/3861240,3861240_0005,ABP
89,125.0,1.25,0.2692687012576511,0.7307312987423489,0.20014269022178396,0.052150659246299795,0.010959330348620133,0.005190044805277752,0.0006924577944482373,6.547184573659924e-05,3.0724245139488406e-05,1.4837639929488093e-05,1.153344121493303e-05,6.739175662122127e-06,4.212493538625557e-06,38/3859201,3859201_0001,ABP
90,125.0,2.5,0.10861034234278653,0.8913896576572133,0.1014605443715334,0.005623514253850103,0.0007863784095798652,0.00026018266421682805,0.00016495473489230197,0.00015428292187040716,8.054367684088915e-05,5.529996278201006e-05,1.6723953191962307e-05,4.9274421582565335e-06,2.9899518705206164e-06,32/3279783,3279783_0037,ABP
91,125.0,1.625,0.29632538050828056,0.7036746194917194,0.1668257079321774,0.04487151688642716,0.03214067164230447,0.028431497116575083,0.014826301086352049,0.004225478497660155,0.0018659779768931807,0.0011618812037124974,0.0009401048385680806,0.0006013128514001511,0.00043493047621030387,30/3007443,3007443_0002,ABP
92,125.0,1.75,0.15253709985668187,0.847462900143318,0.1468261505538501,0.004422336289701251,0.0008476206665997706,0.00030658858581681303,4.241946271958315e-05,4.721422553597979e-05,2.2709730043290935e-05,1.1171769484588614e-05,6.201605824119089e-06,2.9160617217171234e-06,1.7709053846985204e-06,38/3869678,3869678_0013,ABP
93,125.0,1.375,0.19712667974077402,0.8028733202592261,0.12107032817209185,0.04509797148607281,0.012041267033252818,0.006450542551144548,0.004331406546736231,0.0023029232036597133,0.0014762795997800386,0.001877138236930652,0.0010413118777668272,0.000615092132048592,0.0008224189012899546,37/3722922,3722922_0009,ABP
94,125.0,1.375,0.2357034228394453,0.7642965771605545,0.18756239657298113,0.0246202407066301,0.010195611036788246,0.005923112762890277,0.0035826728460621547,0.0016260745137353177,0.0008343438229923917,0.0004745960184956043,0.000320914209077333,0.00031953870146560475,0.00024392164832712525,39/3914348,3914348_0022,ABP
95,125.0,1.375,0.3563825030216226,0.6436174969783774,0.2275164409239219,0.07108741901556076,0.028035019325389647,0.02001589809622327,0.005346987215483269,0.0020772401265230288,0.00135162129074868,0.0006606010109797975,0.00021422747717449333,5.852719834739158e-05,1.8521341270338463e-05,34/3467153,3467153_0014,ABP
96,125.0,1.75,0.4665451576550846,0.5334548423449154,0.3997944563543365,0.03978050995211206,0.014492059158582142,0.005964094332647623,0.002224941698916284,0.0018718831037012127,0.0007155358893964744,0.0007239395466448731,0.0004540508376539091,0.00031445144017483684,0.0002092353409186479,32/3265584,3265584_0004,ABP
97,125.0,2.625,0.3447397119580229,0.6552602880419773,0.27816127428916887,0.04039897261668404,0.020151234067848165,0.004121307344661248,0.0013467161528937963,0.00040687884743339863,0.0001086502229544681,3.2590435994365534e-05,8.704299694326986e-06,2.467282044280589e-06,9.163986459652471e-07,31/3193298,3193298_0006,ABP
98,125.0,1.5,0.29177541955323116,0.708224580446769,0.21104905267924592,0.05858635175080354,0.011986141502200131,0.005326214283172166,0.002162336228391877,0.0011705053428105652,0.0008027007377861388,0.0003824894451978246,0.00017598053034271354,9.700732909487261e-05,3.6639724185351056e-05,36/3689704,3689704_0007,ABP
99,125.0,2.0,0.23369543275252228,0.7663045672474778,0.18425468603207934,0.03294113605836816,0.007292616589542648,0.005583522055867229,0.002112651741160538,0.0008492415821984217,0.0004139965159733533,0.00015166975456728715,5.271185539700004e-05,2.9075935288690837e-05,1.4124632079623034e-05,39/3904396,3904396_0017,ABP
100,125.0,1.75,0.21859822747952953,0.7814017725204708,0.20091254581345164,0.014521031606707292,0.0009082781549508692,0.0009092328419758645,0.0004626334592660126,0.00040807487317229724,0.00023317769174014354,0.00016185098655531295,5.986409824531318e-05,1.0678080342270223e-05,1.0859873122468256e-05,37/3724137,3724137_0011,ART
101,125.0,1.0,0.3107162110415872,0.6892837889584128,0.19940077953049837,0.07393958479665076,0.022129980018264207,0.003010062788583566,0.0025798823766786704,0.004774254078848762,0.003290799636041903,0.0008020285716302352,9.3253153777412e-05,0.00034481511275091375,0.0003507709778623857,33/3370859,3370859_0035,ABP
102,125.0,1.625,0.31362641278835846,0.6863735872116419,0.25675023861142915,0.024181864533917064,0.022681630729010725,0.0070157773046121315,0.0014461974386474781,0.0010046214385011636,0.0003218149426552097,0.00010401451753888188,7.50495551731271e-05,2.9845582742049964e-05,1.5358134131455174e-05,35/3554894,3554894_0001,ABP
103,125.0,1.375,0.46181660822295045,0.5381833917770494,0.3204296226896045,0.09274562181140977,0.030976232864515323,0.01365984378799489,0.003130848907327549,0.000634595551458615,0.0001606774068797581,5.534488057327372e-05,1.6691804546553795e-05,4.790144699966209e-06,2.338373940281483e-06,38/3855254,3855254_0014,ABP
104,125.0,1.875,0.17300131876521002,0.8269986812347899,0.15135111194715872,0.016894647203875554,0.002598182901938652,0.0007223804585593276,0.00058703083438844,0.0002514746964766216,0.00019628678199272944,0.00015354492195790927,0.00011249713575490626,7.405618567052047e-05,6.010569743665106e-05,33/3393728,3393728_0001,ABP
105,125.0,1.5,0.22399309285969451,0.7760069071403053,0.20570747048261617,0.013808397410002837,0.0037063927553741163,0.0006083526358821881,6.556521428198331e-05,3.3945969172284616e-05,2.6547889088957437e-05,1.7994235824165992e-05,4.807868448624455e-06,8.562277326223221e-06,5.056121676999602e-06,35/3536208,3536208_0005,ART
106,125.0,1.875,0.09096842943167185,0.909031570568328,0.05537556313853021,0.017002706413125325,0.007377572181059622,0.0030911976576851147,0.0016200808875560882,0.0020107133345827915,0.0013521098959826709,0.001330848693087858,0.000861827196117939,0.0004873225339530595,0.0004584874999911787,30/3056051,3056051_0003,ABP
107,125.0,1.25,0.22174174309307676,0.7782582569069233,0.19102178376286078,0.022691809563642244,0.0014909222468808992,0.003959299942961408,0.0018092168059864328,0.0002389921022505493,0.0002958539363623048,0.00018733519328984288,3.0396219721558674e-05,9.096648226398534e-06,7.0366708943461345e-06,32/3265092,3265092_0017,ABP
108,125.0,1.75,0.2729029036364553,0.7270970963635448,0.23647467288618979,0.01832572544285329,0.013203022303485017,0.003575056268941298,0.000704362830515108,0.00039106587555153477,0.00012651144874330496,4.51132791700945e-05,2.4151089329702753e-05,2.3228495868799667e-05,9.993715807281677e-06,33/3395110,3395110_0023,ABP
109,125.0,1.25,0.3130742477409174,0.6869257522590825,0.19575347690858771,0.08180587702366166,0.016674880287541785,0.010459031467504962,0.005644499915685273,0.0019532568064864362,0.000518953360181787,0.00015770240956733278,7.216796363281217e-05,2.711616071470194e-05,7.285437352998469e-06,34/3454018,3454018_0015,ABP
110,125.0,1.625,0.38131500074737895,0.618684999252621,0.3338704833521775,0.03855415527548887,0.006148575645611443,0.0017753185225947016,0.000690381754512967,0.0001733734849205608,4.735672644431995e-05,2.5602540312991468e-05,1.7194434469174835e-05,8.61516428449486e-06,3.943846561983968e-06,39/3909677,3909677_0001,ABP
111,125.0,1.25,0.1779614236106722,0.8220385763893278,0.14017606612460137,0.014650371848004785,0.008142851313638726,0.011000901964573625,0.0025326941718516512,0.00042828879232534106,0.0006052337550488231,0.00021639844153162747,0.00010258928333621098,6.8874794496689e-05,3.715312126336688e-05,38/3803123,3803123_0004,ABP
112,125.0,1.375,0.5545756847782544,0.44542431522174547,0.4507580677100171,0.08876854155822024,0.008229962689580976,0.005700275958923346,0.0009264586521584446,0.0001156953534719832,3.445278507120593e-05,2.2730250374541318e-05,7.805243608665305e-06,6.457197725681042e-06,5.237379102232626e-06,37/3790350,3790350_0006,ABP
113,125.0,1.125,0.32793034848160296,0.6720696515183968,0.2020527252281081,0.076003023596797,0.019061415225775494,0.016993610652999726,0.009680573769659064,0.0029423220992206554,0.0006760705079243822,0.00031972428122624256,0.00014298238816508156,4.3226233836157064e-05,1.46744978910257e-05,37/3777734,3777734_0031,ABP
114,125.0,0.875,0.2455800085178828,0.754419991482117,0.1556684138256623,0.0357018913818993,0.006985403457276567,0.015474112296308275,0.014206164980300778,0.006151704349398752,0.003501328006021937,0.0036672130851006543,0.002015362348898777,0.0012814610158488528,0.0009269537711666452,36/3691709,3691709_0003,ABP
115,125.0,1.625,0.11935049401855301,0.8806495059814468,0.10676581482501576,0.004839566970486067,0.004397968743379762,0.001837096441504172,0.00044049719069153237,0.0005972814133959583,0.000172567437735434,0.000158208882582033,8.638989191606409e-05,3.483494304300694e-05,2.0267278803205963e-05,30/3033294,3033294_0007,ABP
116,125.0,1.25,0.43239663696343716,0.567603363036563,0.3543100198731303,0.05620487438345338,0.016399875149251057,0.004042198274847616,0.001006149194955175,0.00021409362845663325,7.22032627087066e-05,3.490460065754542e-05,3.776090149465459e-05,4.036508083875957e-05,3.4192613643332444e-05,31/3189208,3189208_0034,ABP
117,125.0,1.0,0.2954639377124644,0.7045360622875357,0.17071694699195752,0.06537517594651909,0.015613504716838651,0.012198559361391973,0.01136109992647139,0.004559914857043778,0.003895800224804221,0.0034022202931692012,0.0026593065290000588,0.004003444516868183,0.0016779643484002653,33/3375091,3375091_0006,ABP
118,125.0,2.375,0.0313573325792698,0.9686426674207301,0.03093398994573443,0.00029797458759574935,9.837800750886927e-05,1.0968856236895763e-05,4.872501638721606e-06,5.828090541977441e-06,2.1741705345500203e-06,6.67816530030211e-07,8.820449494698532e-07,1.3259792655390354e-06,2.705787335558682e-07,35/3524536,3524536_0005,ABP
119,125.0,1.375,0.2900193427011363,0.7099806572988638,0.21593768253825435,0.06239467784068663,0.007333880297289464,0.0016430683446228965,0.0018766019564679746,0.0005285165169100733,0.0001395937559163948,8.485049635567541e-05,5.216879021958205e-05,1.343844040129967e-05,1.4863724011937773e-05,39/3957903,3957903_0057,ABP
120,125.0,3.0,0.0561154635964832,0.9438845364035169,0.033053223503034926,0.02032555379084674,0.0015936015433905288,0.0004714887288836053,0.0002885326557324311,0.00013562370214666595,0.00011883530596132143,0.00010571536708048164,1.2119157291160083e-05,5.099410312731701e-06,5.670431802616385e-06,31/3174532,3174532_0015,ABP
121,125.0,1.25,0.42888751450257,0.5711124854974301,0.2766227477622198,0.13083084881810686,0.01850214579656729,0.0017437483961497773,0.0006457222292710743,0.00018514733242386852,0.00014878151875662594,6.502606045706623e-05,6.942610918165277e-05,4.5324436349580656e-05,2.859604308638549e-05,35/3560918,3560918_0010,ABP
122,125.0,0.5,0.5893987578252442,0.4106012421747558,0.127920043194525,0.1475841236286648,0.031468385758241145,0.11606298872578086,0.02244282960337492,0.02544724748104782,0.050520676792328335,0.013267248542138687,0.033901911058175326,0.010131199355854239,0.010652103685113126,39/3905868,3905868_0003,ABP
123,125.0,1.375,0.26815576673544794,0.731844233264552,0.21590287903789146,0.03290346588235423,0.005597436205960448,0.0023436855036764234,0.002378617635852993,0.0010610821236493404,0.0014828877291358405,0.0016302820478143259,0.0019456743480429626,0.0014279405842551958,0.0014818156368147466,30/3084817,3084817_0018,ABP
124,125.0,1.375,0.17918982408547293,0.8208101759145272,0.15000842284498103,0.022051939529583585,0.00432055385101726,0.0018999091293030689,0.0005144555116703035,0.00018034754003837413,0.00013009343672998574,5.234110049460706e-05,1.826106980240402e-05,9.187553669213403e-06,4.312518183087862e-06,39/3937605,3937605_0001,ABP
125,125.0,1.125,0.18929093935493682,0.8107090606450634,0.09172112043081423,0.08591233644140153,0.0070714597862607,0.002288246529226031,0.0016155380730206927,0.0003746308153104175,0.00013568357669555483,7.72780792242226e-05,4.002110139065215e-05,2.3515033416565224e-05,3.1109488176218494e-05,39/3921315,3921315_0014,ABP
126,125.0,1.25,0.32513739024298377,0.6748626097570162,0.2004719211079907,0.08548548793407508,0.019227859033428513,0.011270853783107899,0.0056847491576061115,0.001745374553993353,0.0005710128397646607,0.00042671499119609403,0.00014041214407739096,5.6217431908473315e-05,5.678726583555193e-05,37/3736270,3736270_0009,ABP
127,125.0,1.5,0.36438237358149045,0.6356176264185095,0.3056127134701079,0.0391011583213259,0.017003845808007866,0.00217042198059148,0.0003805886653088895,9.051840623372364e-05,1.1870014758359705e-05,6.139761420937905e-06,2.346490963100998e-06,1.6364684594541227e-06,1.1341943128871776e-06,39/3932064,3932064_0013,ABP
128,125.0,1.25,0.32743354596714885,0.6725664540328511,0.275302380578117,0.04506430178985126,0.0052622155235465045,0.0013779919291480507,0.00031829536073291344,7.135754328728162e-05,1.4975841615913235e-05,7.191960712234137e-06,5.6434046314313935e-06,4.7841035316578895e-06,4.407931974630146e-06,37/3738965,3738965_0072,ABP
129,125.0,1.375,0.2409073305670458,0.7590926694329542,0.18045358101198872,0.03932780569448116,0.008168100509946508,0.005011917134348573,0.003342302082322617,0.001822405168318602,0.001129121541882886,0.0007989589173010113,0.00047727428678507493,0.0002185584936595001,0.00015730572601115362,31/3196924,3196924_0002,ABP
130,125.0,0.5,0.5556485734339034,0.4443514265660966,0.11881034863244368,0.06125966005235313,0.030495333805491603,0.05066653591127755,0.06186213071361187,0.07001263322045143,0.057279102603760366,0.037928037516004966,0.024460971860348873,0.027182107023560016,0.015691712094600022,39/3958352,3958352_0006,ABP
131,125.0,1.125,0.3786489945767616,0.6213510054232385,0.25584657199044114,0.0838604461904948,0.027440348740655957,0.004935560106487416,0.002461067165642402,0.0019029418711772818,0.001115514780797354,0.0004498444090960262,0.0003064738720854889,0.00018961951713264942,0.00014060593275111387,39/3940915,3940915_0006,ABP
132,125.0,1.25,0.22283904418868028,0.7771609558113197,0.19162083624128148,0.021958708700684296,0.004499780393559716,0.002341227199564988,0.000950817292163447,0.0003584682740010981,0.00031200988793718003,0.00021215233342790864,0.00022491834517075423,0.00021537156501039576,0.0001447539558790427,35/3579628,3579628_0001,ABP
133,125.0,1.625,0.5105857481404256,0.48941425185957455,0.41796483617942254,0.07041856023580485,0.014226176576465008,0.005228524241040015,0.0011208460804708427,0.0005905558388410538,0.000289477302192024,0.0003613141503968641,0.0001523938209720684,0.00013874301036621576,9.432070445402757e-05,34/3469936,3469936_0010,ABP
134,125.0,1.5,0.1662908321036042,0.8337091678963959,0.13276272632096991,0.006722905542018523,0.022995511063939145,0.0024113085083865386,0.0009004403089696799,0.0002672913876240537,0.00010267030281597582,4.630382139332193e-05,3.060472917855949e-05,2.0346811569146702e-05,3.0723306739347156e-05,34/3473625,3473625_0002,ABP
135,125.0,1.0,0.30771039249190424,0.6922896075080953,0.15737640797206248,0.12392924332511092,0.012737824798413453,0.0043365319612751795,0.0031545274342722547,0.0015018341119364315,0.0014759743585127908,0.0009869207762693883,0.0008557946731086833,0.0007600690608970094,0.0005952640200456731,39/3961164,3961164_0004,ABP
136,125.0,0.75,0.2621516576658566,0.7378483423341433,0.08942405991320569,0.04002496248284107,0.033291294800440414,0.018207221480472074,0.01413141847623641,0.024106002717716787,0.00973190631317006,0.009717381490810712,0.009188086718332617,0.010524468597407388,0.0038048546752232917,31/3179028,3179028_0035,ABP
137,125.0,2.125,0.5005549049996871,0.4994450950003127,0.3699969784018033,0.11326981889673979,0.0043168796923516006,0.008724276017237445,0.0032455672786943688,0.0006131476269891196,0.0002518366800661385,8.684713704440858e-05,3.3625361486218004e-05,1.0033888327087046e-05,5.894018947696459e-06,34/3497926,3497926_0008,ABP
138,125.0,1.125,0.3668351437452957,0.6331648562547048,0.28631571003584116,0.07488457047097391,0.005169373103303285,0.0003841433780863188,4.9410804373564504e-05,1.742138284601548e-05,4.970534551805453e-06,3.7607965634981443e-06,1.8584480729393724e-06,2.0192524889760906e-06,1.9055381941705787e-06,32/3280453,3280453_0004,ABP
139,125.0,1.375,0.23819349754538632,0.7618065024546137,0.20093287884551952,0.025246391539574142,0.009285438159946528,0.0014993742258102866,0.00042438440656995146,0.00027744511201141,0.00023438185680765066,6.158666502696243e-05,8.527882842600163e-05,7.018005985313377e-05,7.615784584071794e-05,37/3751045,3751045_0011,ABP
140,125.0,1.375,0.29535437721379204,0.704645622786208,0.2381986999323159,0.03574748334512673,0.010128021459099518,0.0049900970163022995,0.0015456367602338257,0.001505582024703203,0.0009721165449827853,0.000697120064620048,0.000820986775656441,0.0004761728754379463,0.0002724604153133959,37/3714821,3714821_0003,ABP
141,125.0,1.375,0.1408499909039181,0.859150009096082,0.11501216725438304,0.009044592883204661,0.006336067829144267,0.007520146786278762,0.0021700551106620045,0.0003920806725042681,0.000188337504306559,0.0001213101585769292,4.549572931797819e-05,1.090490889676469e-05,8.832066642814422e-06,30/3076151,3076151_0048,ABP
142,125.0,1.5,0.1597828095434471,0.8402171904565527,0.13533883684753328,0.015331229034250233,0.005113476397057836,0.003302430430483201,0.0004896162028125082,0.00011837844132998248,6.6586345834969e-05,9.334939520095275e-06,5.614003216219847e-06,4.555029306093204e-06,2.751872102669263e-06,35/3544579,3544579_0081,ABP
143,125.0,1.125,0.08490130333105411,0.9150986966689456,0.07648415568857952,0.005593725126188742,0.001774669885396526,0.0006312821765505618,0.00014987663199659645,8.679200167336359e-05,5.1916187862205015e-05,3.9891883211380796e-05,3.333693032823063e-05,2.886434235858955e-05,2.6792476908375194e-05,36/3627419,3627419_0035,ABP
144,125.0,1.25,0.3615412575348318,0.6384587424651681,0.3001519981521048,0.04857023794251201,0.006209638556426748,0.003886748278186463,0.0016696883888581556,0.00042693873716628653,0.0002134670422680824,0.00017032143351966905,0.00011099375677349456,7.360247868713379e-05,5.762276832890574e-05,31/3102026,3102026_0159,ABP
145,125.0,1.375,0.23590457987805247,0.7640954201219476,0.18392148997722765,0.022439335595621376,0.017629572032663174,0.010076958241482914,0.0011694686175224155,0.0004499954108922675,0.00019656576848069298,1.5049200830407503e-05,3.2987595566145075e-06,1.9411749540755017e-06,9.050988208494098e-07,39/3924909,3924909_0005,ABP
146,125.0,1.875,0.3928310415183676,0.6071689584816321,0.3571674247838634,0.031437254976656746,0.0035076933544036146,0.0005871269533056976,5.5009968393684735e-05,1.940350653641327e-05,2.3679993016981125e-05,1.6029642044262372e-05,8.528732534593804e-06,5.615005877878266e-06,3.274601734413794e-06,39/3922174,3922174_0028,ABP
147,125.0,0.875,0.2505540386236811,0.749445961376319,0.15977098415848243,0.05065879066112299,0.008889499690678787,0.011567446374108385,0.01152584922436904,0.004886941466958933,0.0010952517236685025,0.0009458066888220797,0.0005275477754445226,0.0004576404334033624,0.0002282804266220606,30/3098744,3098744_0010,ABP
148,125.0,1.375,0.16168124106405005,0.8383187589359501,0.14122170703242568,0.014350083730630122,0.002569466664569424,0.0015865215089732893,0.0007791188345189195,0.0003300286033605873,0.0002499980026511191,0.00018181942617654054,0.0001715742630820688,0.0001733175990048812,6.760539865741458e-05,35/3555949,3555949_0005,ABP
149,125.0,1.375,0.11992119906994296,0.880078800930057,0.11095239195582185,0.0033902513148271972,0.004153613098194935,0.0007839030546653254,0.000247181162622966,7.412961491895063e-05,7.443723490849494e-05,3.220402303363499e-05,4.263457930529641e-05,0.00014169512143700946,2.875791020729462e-05,33/3308606,3308606_0009,ABP
150,125.0,2.25,0.14614721082367654,0.8538527891763233,0.13281939347179914,0.010909363854885279,0.001494158793829322,0.0005920705309073997,0.00019518541700194066,6.860555498198054e-05,3.52469748817444e-05,1.4122567964874987e-05,1.168251847225495e-05,4.0786557891252745e-06,3.3024831635144283e-06,34/3440224,3440224_0009,ABP
151,125.0,1.25,0.2678770657917516,0.7321229342082483,0.20453484236697084,0.045531649892012464,0.004085399651818966,0.008099338502697466,0.004243683649237714,0.0008150439316507108,0.00030201790657568666,0.00014363611466231254,6.168483067360386e-05,3.9699703843658467e-05,2.0069241608235033e-05,34/3454695,3454695_0008,ABP
152,125.0,1.25,0.31701685239957944,0.6829831476004207,0.20469238671110518,0.06907138313819465,0.00935713009020801,0.005250623972910621,0.00860832038963071,0.00533125289428805,0.004160590088746886,0.0035269231782117695,0.003229657153569506,0.0011566683453810352,0.0026319164373329704,31/3128772,3128772_0005,ABP
153,125.0,0.875,0.15824353655565487,0.841756463444345,0.136132060862076,0.012686984452721671,0.0016572430191793095,0.0013236682120695237,0.0009635951431760818,0.0004886789528178112,0.0006979991828923857,0.0009269310757966775,0.0011196160987172604,0.0010027145257285978,0.0012440450304795215,38/3837370,3837370_0002,ABP
154,125.0,1.5,0.4315292339027564,0.5684707660972438,0.31138909779820717,0.07742380275058798,0.03107925634997954,0.010230774842236362,0.0010141557708680782,0.0002598279055511166,8.241393232331389e-05,1.7203525993640002e-05,1.480654542636124e-05,1.2185016895472529e-05,5.709464687291193e-06,39/3992312,3992312_0018,ABP
155,125.0,1.375,0.0945145769092916,0.9054854230907085,0.08607689189552814,0.00688902490906736,0.0007271355626384744,0.0003994147469847364,0.00010301437703494263,9.893518392814855e-05,8.662298079859765e-05,7.122034370528832e-05,2.2438848210397306e-05,2.387707035423333e-05,1.6000991041284854e-05,37/3775776,3775776_0010,ABP
156,125.0,1.125,0.2080632178274746,0.7919367821725254,0.17234450340287627,0.01814043957864545,0.010087290222496862,0.005059607422642201,0.0009431938777177348,0.0005630274210842645,0.0004464376153765652,0.00013023859749600005,0.00016781434649747228,0.00010515168466803391,7.551365797373754e-05,35/3591655,3591655_0004,ABP
157,125.0,1.0,0.1744762522695853,0.8255237477304147,0.14722693276549575,0.010355113450057355,0.008739583874178333,0.005321734422636987,0.0012490993807990874,0.0008777154505946078,0.0003801015966419855,0.00012177400105535924,9.01177177156472e-05,6.040410048174967e-05,5.367550992842401e-05,37/3768048,3768048_0005,ABP
158,125.0,2.0,0.14539999634031595,0.8546000036596841,0.13936310670304403,0.0005387042605915795,0.00323965057482574,0.0018820685663787423,9.858843628340124e-05,0.00016180782535052933,9.998971762934045e-05,7.104164176666516e-06,7.628302526298717e-06,1.185343236771881e-06,1.6244627289154207e-07,32/3281846,3281846_0010,ABP
159,125.0,2.0,0.12190696547626809,0.8780930345237318,0.10283477136225899,0.01180287015090141,0.006126566024462339,0.0006927269080769974,0.00031811244815012325,6.917353433642825e-05,3.161854184438288e-05,1.460103494448734e-05,8.701882761233617e-06,5.0957624200759425e-06,2.727826111629901e-06,38/3880849,3880849_0001,ABP
160,125.0,1.25,0.20431914482085878,0.7956808551791413,0.15998117966046047,0.030907709184839285,0.0044530841235245824,0.002741346764150304,0.0025074969592004674,0.0009905626041275708,0.0008335768009534675,0.0005263117855945791,0.0005926202141699397,0.00045570764535296727,0.00032954907848515533,36/3624145,3624145_0003,ABP
161,125.0,1.625,0.5193933364867184,0.4806066635132817,0.40032071397414015,0.08699924279009982,0.02066816901926502,0.008745348740538865,0.0019495263952328187,0.00037067080210058005,0.00013724273304485074,7.360528977292074e-05,5.1663274981286524e-05,4.2344418364794115e-05,3.4809049177164584e-05,30/3066634,3066634_0014,ABP
162,125.0,1.75,0.19904752193437042,0.8009524780656294,0.16301863635212618,0.017640735807830592,0.004801127200607343,0.0040409919285213395,0.002843705126511649,0.002590303611999747,0.0014545201437295122,0.001128558270536638,0.0006310428203077974,0.0005493778402846355,0.00034852283191501635,35/3586024,3586024_0002,ABP
163,125.0,0.75,0.21491495607762845,0.7850850439223716,0.1439430986424047,0.03901222623021846,0.008043203811484285,0.0011361011358437746,0.0039061445899544137,0.006933757685316356,0.004751545137672068,0.0016165378100777281,0.0017609580537724227,0.002445932684261218,0.0013654502966230439,37/3786469,3786469_0003,ABP
164,125.0,1.875,0.23511211875990476,0.7648878812400955,0.21676141933275875,0.01614259921855668,0.0015749132781962484,0.00039878828978378173,0.00011446883565141298,4.721130891011838e-05,2.8892159500406745e-05,2.496292081198759e-05,9.048190564748764e-06,5.45951713123696e-06,4.355708039409349e-06,31/3101924,3101924_0006,ABP
165,125.0,1.5,0.23127726008040642,0.7687227399195934,0.17482410946801305,0.023462955575429552,0.0030944708416761526,0.01837623073012767,0.008608838194703136,0.0010198162277934874,0.0007997663420615281,0.0007104395979041565,0.00014482095947699396,0.00016204745408342704,7.376468913725492e-05,38/3899445,3899445_0013,ABP
166,125.0,1.125,0.3566241598394377,0.6433758401605623,0.21791689793311309,0.10127635553037241,0.018473487963612017,0.012326715378331018,0.005177501811735424,0.0009281081386656908,0.00026121468442593683,0.00015196856090752926,6.251951642843115e-05,2.7323183078250804e-05,2.2067138767861525e-05,34/3451032,3451032_0013,ABP
167,125.0,0.5,0.8536657772071554,0.14633422279284472,0.052036092158255845,0.030711594181689172,0.05347968086141782,0.10513351024595226,0.05267628616624788,0.04790870978282737,0.080875089601422,0.20726818546453527,0.12846512096382665,0.0720585822642166,0.02305292551676454,31/3163784,3163784_0042,ABP
168,125.0,1.375,0.24614928265626557,0.7538507173437344,0.20704973489319217,0.03454197365307991,0.0029665320758968197,0.0010262129836261906,0.0004194954622999619,9.096366017119755e-05,2.70368159934805e-05,1.4073646653049669e-05,6.203002999200762e-06,3.704998131038624e-06,3.3514642226315614e-06,35/3588022,3588022_0034,ABP
169,125.0,1.875,0.4880259012058431,0.5119740987941569,0.2699614861315731,0.14343448286107816,0.04113038616940723,0.015047249124418622,0.009333162492840916,0.005279038389433392,0.0024695912485604462,0.0009779790930987012,0.00027516191835212395,8.942518056603541e-05,2.793859651435674e-05,37/3765155,3765155_0141,ABP
170,125.0,1.5,0.29129618846433225,0.7087038115356679,0.24271611247552796,0.03401678487308325,0.007481476243894526,0.005560730274573926,0.0009473574997713119,0.00031884274096323153,0.00019716494288009792,3.56919064219374e-05,1.4318900742809806e-05,5.934996920452311e-06,1.7736095527610767e-06,37/3709120,3709120_0006,ABP
171,125.0,1.25,0.24876162356878548,0.7512383764312145,0.15303290008377962,0.05192260979858953,0.01722616190020357,0.01519450721529708,0.007975609735258505,0.0018899168745756662,0.0005680078368503051,0.00040740674679044217,0.0002237507077367234,0.00013895852234129915,0.0001817941473626721,30/3033589,3033589_0005,ABP
172,125.0,1.25,0.12894681382216067,0.8710531861778393,0.09981052887243444,0.008036757679569084,0.0061227560405527435,0.008460744427093733,0.002737744389345966,0.0018916236955322774,0.0012495270941451301,0.0002915292110383272,0.00020895531516482445,0.00010344550344858336,3.320159383555936e-05,34/3431844,3431844_0002,ABP
173,125.0,1.75,0.5306862673204572,0.4693137326795426,0.4517306530936736,0.06617253162627837,0.009993642364069069,0.001717042289141934,0.00036917399503394194,0.00018683663805024552,0.00016878869287861563,0.00012468907842649646,9.623331274081736e-05,7.480844765998237e-05,5.1867782504288996e-05,32/3253326,3253326_0009,ABP
174,125.0,1.5,0.17799723612821383,0.8220027638717862,0.15464646796296616,0.01545119736429802,0.004143025186189919,0.0028613339071266435,0.0004578381732261503,0.00017775879759957048,0.00010697569483259459,6.310218236616807e-05,4.889036593028709e-05,2.3939496916161812e-05,1.670699676214234e-05,33/3323489,3323489_0048,ABP
175,125.0,1.5,0.22169986736564704,0.7783001326343532,0.20457017874938874,0.013912566329020777,0.0014849283613921195,0.0006803509785795709,0.0001587730825696095,0.00026647223499472856,0.00016893872225077786,0.00014203269026443784,0.0001540710152830563,7.286114098042583e-05,8.869406092275527e-05,34/3458663,3458663_0001,ABP
176,125.0,1.5,0.07989404069667787,0.9201059593033221,0.07136044713922866,0.007069554018664646,0.0011775208894363126,0.0001611002627998826,6.27843246349058e-05,2.70667949694701e-05,1.3058532450599318e-05,8.953770154182916e-06,5.8129922853574224e-06,4.593087094572589e-06,3.148884959264572e-06,37/3715400,3715400_0012,ABP
177,125.0,1.375,0.27339496165388766,0.7266050383461121,0.21540751334926211,0.047336009156215955,0.006158033283776785,0.003046428015780104,0.0007234500856022694,0.0002718225205137124,0.00020501149765786637,7.261089171872913e-05,6.850576455266576e-05,5.101359426514752e-05,5.456349454228786e-05,38/3878560,3878560_0006,ABP
178,125.0,1.625,0.2369010404047874,0.7630989595952128,0.213121555853363,0.018895305194543195,0.0029033685983948015,0.0015636711648749698,0.0003225445398517793,5.06509100371335e-05,1.9073360090137147e-05,1.11115459109241e-05,5.117107998473145e-06,5.20702816374487e-06,3.435101559225736e-06,39/3978874,3978874_0051,ABP
179,125.0,1.5,0.18988522132193292,0.810114778678067,0.16117195889336577,0.01524182011756695,0.007847515544259432,0.0043458654416018315,0.0006765145444089652,0.0003203897275209866,0.00020381260147549828,5.049255785512992e-05,1.456446936411666e-05,8.562342723333571e-06,3.7250817908726395e-06,37/3736397,3736397_0016,ABP
180,125.0,1.125,0.34036039187125294,0.659639608128747,0.2142560432462013,0.05428680231343176,0.008931965466692237,0.029063988646709487,0.020609194253622728,0.004196164699684423,0.004793495059965096,0.0030543701997523915,0.0006883576885946818,0.0003040662491380047,0.00017594404746089007,35/3593762,3593762_0007,ABP
181,125.0,1.0,0.394596984916765,0.6054030150832349,0.14866744607964458,0.175881954914288,0.05889870269966422,0.006167945068379314,0.0025920999068620703,0.0009809687672254204,0.0002031143702639769,7.587375633338211e-05,0.00010229156173491615,0.0003762985304933055,0.000650289261875785,38/3885720,3885720_0004,ABP
182,125.0,1.25,0.09156729515531965,0.9084327048446805,0.06363315472938481,0.011035325178611647,0.008633253837706242,0.004088754541935913,0.0011056624192598424,0.001589233564609874,0.0006088530303868701,0.00028993272965289904,0.0003252866233249895,0.00015166747583336685,0.00010617102461319027,37/3792106,3792106_0007,ABP
183,125.0,1.0,0.20200377775007033,0.7979962222499297,0.1726956787190741,0.023241592047721436,0.0007287450418927453,0.0016312684738320614,0.0013444241861419518,0.0003942742097285227,0.0003979901514300793,0.00048285488194081943,0.00042312586737092156,0.00032740348482489034,0.0003364206861127764,38/3881473,3881473_0010,ABP
184,125.0,1.625,0.24252105700123036,0.7574789429987696,0.21953345761185422,0.017326517572800536,0.004072141633284259,0.000959173142579751,7.911477329457187e-05,0.00031964263219133555,0.00012365058117482078,5.1620902681382e-05,3.3395034124810495e-05,1.5175242535860564e-05,7.1678747087637e-06,31/3165715,3165715_0016,ABP
185,125.0,0.625,0.35759219358074007,0.64240780641926,0.12257179297957632,0.12747763913687613,0.034651121321911615,0.017338004965209295,0.01650110653104824,0.017123145402181048,0.005686986852057972,0.006364608144462992,0.0033172734481120704,0.003318604563712183,0.0032419102355921315,37/3710642,3710642_0007,ABP
186,125.0,1.125,0.22388928247259376,0.7761107175274062,0.16821125306822285,0.042763455911717534,0.004471287575162244,0.004977790069185902,0.0022643464109885175,0.00038186144067339924,0.00025824834859631434,0.00027753905238111706,0.00014843539138131273,8.139904344135382e-05,5.366616084321601e-05,30/3025090,3025090_0004,ABP
187,125.0,1.375,0.2917854336168148,0.7082145663831851,0.22719848415996924,0.0382930636405821,0.01639107939517519,0.008236709110385433,0.0010328767730294801,0.0003264455999444542,0.00017460667615384732,5.118031878221654e-05,3.099495633426989e-05,2.7580241449891016e-05,2.2412745008662555e-05,36/3603458,3603458_0013,ABP
188,125.0,1.375,0.3751551041049635,0.6248448958950367,0.3001271693247218,0.04201210031283196,0.015398792463362114,0.00590020298955949,0.0030777740913895276,0.002384938493430925,0.0014717217406944151,0.0016137594763432567,0.0012034485220174817,0.0012534503988129624,0.0007117462917995713,31/3181587,3181587_0012,ABP
189,125.0,1.5,0.09587162644455705,0.904128373555443,0.08386478506544798,0.00415907474287103,0.004941041500784485,0.00166459755400608,0.00031748944278272136,0.000630708110318464,0.00015921963409695525,6.524173304318583e-05,4.764389620277544e-05,1.1943860171209516e-05,9.880904832167124e-06,30/3021860,3021860_0009,ABP
190,125.0,1.125,0.3154942500045567,0.6845057499954431,0.19725996640748103,0.05739032457958423,0.012131877787097288,0.010515234554989919,0.011055596007367746,0.0071686459197613,0.006731396356137155,0.004605141447050556,0.0032341419698253193,0.0028607476054975972,0.002541177369764664,35/3577918,3577918_0046,ABP
191,125.0,1.125,0.2513787030778624,0.7486212969221375,0.1967011456311609,0.0468679182985646,0.003993752174048693,0.0017480648774135575,0.0011554338974497386,0.00031100208056597766,0.00020375996340265523,0.000202966383720438,8.956516738705402e-05,5.7543751025498235e-05,4.7550853123371654e-05,32/3287270,3287270_0007,ABP
192,125.0,1.0,0.17492295042177483,0.8250770495782253,0.13771222989917625,0.014525446264703598,0.0039174353260886365,0.0038115075392557486,0.004363230128104507,0.0034213443749322786,0.002089895543589357,0.001686342896643199,0.001687491990659634,0.001070516995115675,0.0006375094635059642,38/3848631,3848631_0005,ABP
193,125.0,1.375,0.1378266098579118,0.8621733901420883,0.11746509264825274,0.005561268834538759,0.00805133271815687,0.005156087092941829,0.0005219316134091699,0.0006428154891761391,0.00026025906525221806,5.4863980874975494e-05,8.135470950202451e-05,1.9516868250026472e-05,1.2086837557065804e-05,38/3850520,3850520_0039,ABP
194,125.0,1.25,0.19992523254802816,0.8000747674519718,0.1595025819931214,0.023237824590504937,0.006070040593930327,0.00435986252813251,0.001896422158310526,0.001148258235547361,0.0018182075965600432,0.00047697361376162605,0.0006185510238449398,0.0005209966170343891,0.0002755135972801218,31/3193825,3193825_0007,ABP
195,125.0,1.375,0.27252190357364475,0.7274780964263553,0.23249460236838784,0.02215153141130329,0.01077047252452984,0.004823374910887681,0.001078974796520997,0.0006590220874192008,0.00035443741379885156,0.0001159442121633903,4.635934025257746e-05,1.818165633461021e-05,9.002852046494022e-06,33/3304844,3304844_0035,ABP
196,125.0,1.875,0.26583801886747854,0.7341619811325213,0.24253952252753558,0.01779197977874162,0.003028977921526249,0.0009822155704919593,0.0005759711913202153,0.000487568424252809,0.00031023944960582866,5.793018152186613e-05,2.4897705126055376e-05,1.6269468813661828e-05,2.244664854275225e-05,39/3953590,3953590_0005,ABP
197,125.0,1.375,0.13271770975395725,0.8672822902460426,0.11595854451053175,0.013103840085789957,0.0008654470868340978,0.0010938528673801666,0.0009527789330656259,0.00023620581914135196,0.00023731115550170904,0.00015730869448943652,6.085078699039497e-05,2.8703565156160195e-05,2.286624907656205e-05,35/3580817,3580817_0006,ABP
198,125.0,1.75,0.1165937140656319,0.8834062859343681,0.08621358610540422,0.006595840583868787,0.00837595960650049,0.0076859235555756505,0.0019836638974906257,0.002435555917981563,0.001379477402172189,0.0011317063237728973,0.0004021970929935744,0.00026272079355184184,0.00012708278632005327,32/3255247,3255247_0003,ABP
199,125.0,1.125,0.3279743649563691,0.6720256350436309,0.23282418664755766,0.07856693658742549,0.012453193455560107,0.002255357346984452,0.0009852000364641803,0.00046516158052598575,0.00016272792204999396,9.352223495998959e-05,7.935665927978783e-05,4.6899575383983365e-05,4.182291017752002e-05,31/3158567,3158567_0035,ABP
200,125.0,1.875,0.406759765716252,0.593240234283748,0.35712424017793254,0.04083471418642267,0.0053266324219387855,0.002208936378031514,0.0005059893234499259,0.00014849892618694206,0.0002353929316425817,0.00010929974693928909,0.0001283770009958207,6.471766405212681e-05,7.296695865981129e-05,39/3917617,3917617_0004,ART
201,125.0,1.625,0.1388761015172994,0.8611238984827007,0.1298370808702712,0.0061216332543956265,0.0017607143366700348,0.000877200007661513,0.0001468445086624263,5.638546571918777e-05,3.9106132009700434e-05,1.346203694844037e-05,1.2340719115307998e-05,6.848323475437708e-06,4.485862370526267e-06,32/3239141,3239141_0006,ABP
202,125.0,1.25,0.2880502278459133,0.7119497721540867,0.21379721531720633,0.03662563002456297,0.01456091968814976,0.010892377419170615,0.0041890446678399095,0.002274115875565,0.0021238925817368645,0.0010466284877043404,0.0010740969730979701,0.0010077027182926782,0.00045860409258682535,36/3602735,3602735_0002,ABP
203,125.0,1.375,0.11228825876843333,0.8877117412315665,0.10449179917776365,0.004242659456967772,0.002579833697114862,0.0008133623407638935,6.516706325344259e-05,4.0215390892389746e-05,2.0149340429911586e-05,8.261621945190823e-06,1.3451150128658485e-05,7.333417048758371e-06,6.02611212478674e-06,30/3077792,3077792_0021,ABP
204,125.0,1.0,0.24305245191137972,0.75694754808862,0.184576316460111,0.03959315938601905,0.006934708271483722,0.006075388320909458,0.0035444287158466346,0.0006756219392823747,0.0005014186150029679,0.0005902635040421258,0.00023179623458572873,0.00016655275136795417,0.00016279771272874815,36/3693327,3693327_0005,ABP
205,125.0,1.625,0.4311522378007633,0.5688477621992365,0.34730358144068396,0.0528142918791514,0.023761387798471326,0.005479091322422666,0.0010315107059423337,0.0003979549729332786,0.00018158846732321953,4.772062971718204e-05,8.410386687848809e-05,2.6666644094175417e-05,2.434007314526426e-05,32/3205973,3205973_0002,ABP
206,125.0,2.0,0.11686891510667596,0.8831310848933239,0.09690810333740461,0.005741324698693915,0.010191332978960091,0.0034055163187055033,0.00040252641264252665,0.0001480249234527558,3.460879000858832e-05,1.0301333852556123e-05,1.1569531190083312e-05,9.001410167141729e-06,6.605371598205011e-06,30/3049632,3049632_0033,ABP
207,125.0,1.25,0.20266834795361263,0.7973316520463873,0.12155891559688982,0.026196971722329914,0.034299525781575795,0.013441744247927968,0.0029581211884986405,0.0027860033544254803,0.0010221595405379186,0.00023979218146531422,0.00012048237782779355,3.495218396838383e-05,9.679778165614589e-06,37/3746634,3746634_0001,ABP
208,125.0,1.375,0.1287042398894663,0.8712957601105337,0.11666050000236285,0.005032741553420722,0.004987257532654694,0.001338887940702392,0.000258865601325091,0.0002542114327388544,5.1899380577217065e-05,5.336692844295318e-05,3.607732877042372e-05,1.8351873770199563e-05,1.2080314700898908e-05,39/3936826,3936826_0001,ABP
209,125.0,0.875,0.23561651974971773,0.7643834802502824,0.1787648500529014,0.045652890756632356,0.006961201398542032,0.0011273888717557988,0.0013358049519375853,0.0012438964344951304,0.0003881294759571762,8.876196526251769e-05,4.086813081576742e-05,1.1040524426078533e-05,1.6871869918798568e-06,35/3505101,3505101_0028,ABP
210,125.0,1.25,0.28166663198951236,0.7183333680104876,0.2095048378339743,0.03681686550400229,0.011913629892058887,0.016846705399072286,0.004603966452594494,0.0010482875099944986,0.0005781792304242219,0.00024921456711542384,5.246385876657253e-05,2.816149596380054e-05,2.4320245545533468e-05,38/3804107,3804107_0002,ABP
211,125.0,2.375,0.392936735582034,0.6070632644179661,0.3670700264371815,0.017638521472282516,0.005983551931996764,0.0014784133056423812,0.0005001928597203114,0.0002090525122207408,3.629225454030039e-05,1.1262763859470514e-05,4.013766492163956e-06,2.9082039062493546e-06,2.5000741916355967e-06,39/3944333,3944333_0009,ABP
212,125.0,2.125,0.13824630053819498,0.861753699461805,0.11146929019935675,0.016776463224407807,0.004680995470050904,0.0024831514480717232,0.0014734225816880047,0.0005578740679807071,0.000357133167118877,0.00018434044257961146,0.00012113829907380353,9.259495769859327e-05,4.9896680168179894e-05,36/3664416,3664416_0023,ABP
213,125.0,1.625,0.24871431033218347,0.7512856896678164,0.19035406704828822,0.03137376632391968,0.018831404736946698,0.004357014019473576,0.001883582673161249,0.00118593686841947,0.0005009815309069875,0.00014260458119031636,4.9583552708860345e-05,2.4464794434352604e-05,1.0904202734087665e-05,36/3685607,3685607_0034,ABP
214,125.0,1.25,0.2544379821452204,0.7455620178547797,0.2057857434464267,0.02650018456922065,0.009172916172665238,0.008207454444972038,0.002270258561854441,0.0009763874125429668,0.0009840646270099771,0.0003627150744450815,6.570590944486445e-05,7.93121742144767e-05,3.323975242399679e-05,35/3579993,3579993_0005,ABP
215,125.0,1.625,0.23851456311430358,0.7614854368856963,0.21638430861397323,0.01681528303687061,0.003275074094474658,0.001564999124623206,0.00033662760052764594,7.29582526133797e-05,2.768823247299358e-05,2.0294995352812612e-05,7.70070547581386e-06,3.5229115513326208e-06,6.105546367905921e-06,31/3167705,3167705_0016,ABP
216,125.0,1.875,0.06680176214780402,0.9331982378521959,0.05411309925251112,0.004361672727825776,0.004737273510394878,0.002051187424048885,0.0006919859074220338,0.00036955576129354067,0.0002438017714749847,0.00011843224251929323,6.771770889340581e-05,2.1139094382862327e-05,2.5896747037239482e-05,32/3280733,3280733_0028,ABP
217,125.0,0.875,0.12444329264764278,0.875556707352357,0.10497231012126074,0.007953753865361885,0.0003770618170678165,0.004725953374955943,0.0037774326413294195,0.0008005836363934704,0.0010637516114601702,0.0005399747301512866,7.41200918201569e-05,6.404728383080094e-05,9.430347401109197e-05,32/3235480,3235480_0003,ABP
218,125.0,1.5,0.2540941768678312,0.7459058231321691,0.23562745215767028,0.009767059757270023,0.0064606184953174516,0.0015380800238736887,0.00016287122967260955,0.00028668607142721893,0.00012329521716690758,6.730284389748306e-05,3.148915397104026e-05,2.111320841927472e-05,8.208709145201235e-06,37/3732033,3732033_0021,ABP
219,125.0,1.25,0.38792561346935966,0.6120743865306404,0.28997475102796494,0.060078895005691704,0.020322298295302212,0.013511241335945197,0.0028671572275916586,0.0006493966656644818,0.0003815552512184088,0.0001068315717064729,1.9860113903634073e-05,1.0655771689580113e-05,2.9712026813589085e-06,30/3092392,3092392_0328,ABP
220,125.0,1.875,0.11532628042680995,0.8846737195731902,0.08657992013067732,0.012345520106013242,0.012365800119771852,0.0022594530899580113,0.0010276645882249242,0.0006288839294063302,8.7009828346617e-05,2.0622214513377188e-05,5.107225981863017e-06,3.4063947204895063e-06,2.8927991959382743e-06,38/3848716,3848716_0011,ABP
221,125.0,2.375,0.24927056961704527,0.7507294303829544,0.19334462793319251,0.048396283937943714,0.005765689103665865,0.001390202471041966,0.0003318911263831003,2.8119833333551327e-05,7.326251933123159e-06,3.917669993499651e-06,1.3212797084146345e-06,7.244839446908204e-07,4.655259048486023e-07,32/3206936,3206936_0039,ABP
222,125.0,1.375,0.36179739758785695,0.638202602412143,0.265768943499694,0.0865644279000968,0.008695320256381145,0.0006519995592416704,6.0751456900516046e-05,1.345138193584466e-05,7.94721965742283e-06,8.352006178676608e-06,9.485900434692367e-06,9.877225447994734e-06,6.841181888173078e-06,37/3716433,3716433_0024,ABP
223,125.0,2.25,0.09952010730344618,0.9004798926965539,0.09342983753309182,0.0056129118216367135,0.0003365723460747266,7.633235439411735e-05,3.27785604593961e-05,1.368772888732287e-05,7.0332094781590835e-06,4.432132614688991e-06,2.859937335679905e-06,2.121871430246849e-06,1.5398080433057888e-06,31/3180353,3180353_0025,ART
224,125.0,1.375,0.3808987934433787,0.6191012065566212,0.32447419870434907,0.04766398207200316,0.0038363565443478606,0.0009974466835482418,0.0010871154937501222,0.0009423055757097802,0.0006700736785712125,0.0005072462341392196,0.0003447739528515655,0.00019279346425212117,0.0001825010398562905,37/3722674,3722674_0002,ABP
225,125.0,1.0,0.2935357541272888,0.7064642458727112,0.18152845048397045,0.06536775614985747,0.005467880612351181,0.012034002012611544,0.018110159059965863,0.008490006356397663,0.0016150133065716164,0.0005693390488042571,0.00028747485900881706,5.93924998167501e-05,6.279737933127792e-06,33/3364057,3364057_0006,ABP
226,125.0,1.125,0.3584356306763089,0.641564369323691,0.21764141807350837,0.10456516870610037,0.021318410622164143,0.008245076909897809,0.0045955780515591045,0.0014751733638413954,0.0003186510540412765,0.00010882422083136121,0.00010684221202559854,4.809022989276708e-05,1.2397232446702997e-05,38/3846827,3846827_0008,ABP
227,125.0,1.375,0.19418624175880594,0.8058137582411943,0.16020416789980158,0.02554990927721106,0.0009034710378593351,0.0030421101838353096,0.0018763820536097217,0.0009259261303566407,0.001232630644111664,0.00033324351757876614,7.230862602506428e-05,2.651568331645451e-05,1.9576705100367484e-05,37/3731479,3731479_0010,ABP
228,125.0,1.375,0.28902650069916114,0.7109734993008388,0.24409739359792568,0.030060715421047816,0.011232845075769417,0.0028375466291811224,0.0004828510616277318,0.00014657536471706362,0.00010058798837652826,2.118766105823652e-05,1.8607170930610842e-05,1.606174133040088e-05,1.2128987196557639e-05,33/3324885,3324885_0016,ABP
229,125.0,1.25,0.26366833237385146,0.7363316676261483,0.20687425446429467,0.03677861912217945,0.008265899747857575,0.008180202647117552,0.002070481810788029,0.0005326439659197124,0.0004197919010340654,0.00022718688716289994,0.00015067860424630825,6.452757097950437e-05,0.0001040456522716537,33/3374063,3374063_0008,ART
230,125.0,1.75,0.342180442723369,0.657819557276631,0.2348775164120405,0.08051967685926802,0.014891434230532182,0.007266874752271353,0.0032950957478665843,0.0008866687588003274,0.00032816939954007497,6.58373432463776e-05,3.193075088346814e-05,1.0538706630046656e-05,6.699762290054531e-06,31/3155660,3155660_0085,ABP
231,125.0,1.75,0.12872390216868546,0.8712760978313144,0.11982164268978433,0.0072167853847572485,0.001198330592036321,0.000320493965673953,8.232382854847906e-05,4.5660706017919285e-05,1.4873285382426161e-05,9.041262294750104e-06,6.356545812290528e-06,4.27866633628177e-06,4.115242041472977e-06,32/3239526,3239526_0007,ABP
232,125.0,1.625,0.11451829744140665,0.8854817025585934,0.11012978556224184,0.0038759461961640493,0.00036740410408678725,0.00013014820750022253,8.169399305725135e-06,3.5927147740440325e-06,1.8113729261938837e-06,5.601392103059873e-07,4.3935856051004756e-07,2.7648283784017057e-07,1.6390379912627887e-07,39/3991256,3991256_0439,ABP
233,125.0,1.375,0.18342847143213917,0.8165715285678609,0.1443920786128512,0.01914696015759765,0.00948590621129412,0.005288142333953203,0.0017030100568567273,0.0010313925907849439,0.0009274195373436877,0.0004523888764116234,0.00037751939762272927,0.0003290018967323923,0.0002946517606909286,32/3256922,3256922_0002,ABP
234,125.0,2.0,0.2332294616816067,0.7667705383183933,0.19961633280840857,0.024910320995348376,0.005260672162673468,0.0026635677930384643,0.00040866811140254143,0.00019747559649408396,0.00010331781191226772,3.352264973641317e-05,1.918516245544408e-05,1.2070280365905242e-05,4.3283097711775005e-06,38/3857252,3857252_0031,ABP
235,125.0,1.25,0.2777308896055627,0.7222691103944374,0.2405995234948671,0.03339839788092306,0.0025747692079839623,0.0003841183428622622,0.0003486351389314349,0.0002460247243998841,9.331953060441936e-05,2.465021326391249e-05,1.5533183490960855e-05,2.787395866493732e-05,1.804392957070973e-05,38/3868542,3868542_0055,ABP
236,125.0,1.375,0.4115208688366525,0.5884791311633475,0.31432018412135926,0.07052489493598751,0.017694629742398424,0.007362504761792726,0.0013082647974328168,0.00018472769940331877,5.42584855627489e-05,3.2985607185385856e-05,1.3493423600573602e-05,1.660420215829942e-05,8.321059771470317e-06,31/3147409,3147409_0004,ABP
237,125.0,1.75,0.3329118274028006,0.6670881725971995,0.2983491309261058,0.026314510755624833,0.006502038637538708,0.0015983411004863275,6.713956615878105e-05,3.916900148797165e-05,2.2065469692504684e-05,6.930385107088261e-06,8.053764902483602e-06,3.3996537272229384e-06,1.0481419688636837e-06,30/3069719,3069719_0037,ABP
238,125.0,1.625,0.36655541233926114,0.6334445876607386,0.28647292585700296,0.04936801559722852,0.020753941516430965,0.00861713765467645,0.0009171118066244902,0.0002138382934730542,0.00013861160704889763,4.443396423474563e-05,1.1585959288172228e-05,9.089934257385859e-06,8.72014899554569e-06,34/3407528,3407528_0007,ABP
239,125.0,1.25,0.2890762343821975,0.7109237656178025,0.22256061651904624,0.047866511347679976,0.010530211103170024,0.006198949736580712,0.001523856957220372,0.0002211247491245991,8.952483912386668e-05,5.31205753732463e-05,1.122547440659278e-05,1.2260507075319259e-05,8.832573396501839e-06,33/3387474,3387474_0009,ABP
240,125.0,1.25,0.2391113927979407,0.7608886072020593,0.1715290673689702,0.038034668736257604,0.010462482659914873,0.009070268779905872,0.004589858862126619,0.0019391328472633884,0.001142127549632324,0.000958411350974769,0.0005431636809261804,0.0004417656866268544,0.0004004452753420002,39/3972302,3972302_0039,ABP
241,125.0,1.625,0.3404017093725811,0.6595982906274189,0.2928920674101355,0.041974246360602804,0.0035898252634011443,0.000938566253767743,0.00044923911155178825,0.0001571119037710293,0.00011122843376178853,8.049300363937885e-05,8.303317959999906e-05,8.105047898185185e-05,4.4847973368100604e-05,34/3461708,3461708_0010,ABP
242,125.0,2.125,0.329847159506004,0.670152840493996,0.2587766682219205,0.04242922294968598,0.009207457813594184,0.011582067394776801,0.004353980170638426,0.0018683522630477856,0.000992668510739372,0.0003541224645426694,0.0001783041053612896,6.875674050822488e-05,3.555887118880017e-05,38/3850335,3850335_0007,ABP
243,125.0,2.25,0.3356088379512477,0.6643911620487523,0.27089366549231975,0.03338053590988766,0.013934281994846785,0.0068276222842104575,0.0034603775602894426,0.0027337221734653736,0.001934168095374296,0.0016214584798406823,0.0005867933015325638,0.00016978446043900233,6.642819904166752e-05,38/3856375,3856375_0004,ABP
244,125.0,1.125,0.0624063359377537,0.9375936640622462,0.025123787454136234,0.03539109726110405,0.001132971005896343,0.00015999464392022636,0.0002408008416856447,0.00012757714286263115,8.984029900641616e-05,3.527370298565595e-05,3.8849125810510745e-05,4.29713527686717e-05,2.31731075773174e-05,32/3205958,3205958_0005,ABP
245,125.0,1.0,0.2823281596179682,0.7176718403820317,0.19678845313304374,0.05843189468171017,0.00693259430358156,0.0033608810661426205,0.002449221337829022,0.005183580821868289,0.003811808127504706,0.0021360646284573977,0.0016202461752426317,0.0008330415886328505,0.0007803737539552365,38/3875216,3875216_0007,ABP
246,125.0,3.0,0.03932472045749019,0.9606752795425096,0.038332437246655984,0.0007800145260474525,7.828945516213687e-05,5.419658427945696e-05,2.8756899582413403e-05,2.4822522143037578e-05,1.576367737400649e-05,5.931251643935894e-06,2.7530702903985057e-06,1.1780031964879517e-06,5.772211148766211e-07,35/3514963,3514963_0012,ABP
247,125.0,1.0,0.40159645955182766,0.5984035404481723,0.2674023460939755,0.08678039881717095,0.024038202193169256,0.011716014990130539,0.005771114633348725,0.002403628463487628,0.0013179554522385734,0.000980991894628357,0.000538569515212674,0.0003856453780549179,0.0002615921204105682,35/3587195,3587195_0003,ABP
248,125.0,1.375,0.10650458280965086,0.8934954171903491,0.09522304592380267,0.00847184078252106,0.0014548495300219573,0.0010800390626608198,0.00011546151773078332,7.092867449789235e-05,6.0902275447390266e-05,1.1822229276149921e-05,7.769107011519403e-06,5.840630738785897e-06,2.0830759418276197e-06,33/3358308,3358308_0013,ABP
249,125.0,1.0,0.3160068505406618,0.6839931494593383,0.2279156732273726,0.07048465944781189,0.0121456967971235,0.001742474595764116,0.001971917359021378,0.0012864767898421155,0.0002461729938277049,6.4854066413536e-05,9.577213582435227e-05,4.188864408115586e-05,1.1264483579402998e-05,34/3467619,3467619_0021,ABP
250,125.0,1.125,0.16236236428463047,0.8376376357153693,0.12085353512909226,0.010051147458743723,0.013448122367023408,0.013448074878072827,0.003105530374783325,0.0007044365087239901,0.000613938112196735,8.594472161215755e-05,2.300810192914924e-05,2.2601723316606642e-05,6.024909136293704e-06,37/3710056,3710056_0048,ABP
